INSERT INTO wagon_type (type_id, type_name, group_id)
VALUES (1, 'Полувагон', 1),
       (2, 'Крытый', 1),
       (3, 'Хоппер', 4),
       (4, 'Думпкар', 2),
       (5, 'Платформа', 1),
       (6, 'Спецтехника', 2),
       (7, 'Цистерна', 3),
       (8, 'Транспортер', 3);

INSERT INTO time_norm (norm_id, norm, relevance_date, type_id)
VALUES (1, 2.82, '2015-01-01 00:00:00', 1),
       (2, 10.91, '2015-01-01 00:00:00', 2),
       (3, 10.66, '2018-09-24 00:00:00', 2);

INSERT INTO base_rate (rate_id, hours, rate, relevance_date, group_id)
VALUES (1, 1, 10.90, '2015-01-01 00:00:00', 1),
       (2, 2, 21.80, '2015-01-01 00:00:00', 1),
       (3, 3, 32.70, '2015-01-01 00:00:00', 1),
       (4, 4, 43.60, '2015-01-01 00:00:00', 1),
       (5, 5, 54.50, '2015-01-01 00:00:00', 1),
       (6, 6, 65.40, '2015-01-01 00:00:00', 1),
       (7, 7, 76.30, '2015-01-01 00:00:00', 1),
       (8, 8, 87.20, '2015-01-01 00:00:00', 1),
       (9, 9, 98.10, '2015-01-01 00:00:00', 1),
       (10, 10, 109.00, '2015-01-01 00:00:00', 1),
       (11, 11, 119.90, '2015-01-01 00:00:00', 1),
       (12, 12, 130.80, '2015-01-01 00:00:00', 1),
       (13, 13, 149.90, '2015-01-01 00:00:00', 1),
       (14, 14, 169.00, '2015-01-01 00:00:00', 1),
       (15, 15, 188.10, '2015-01-01 00:00:00', 1),
       (16, 16, 207.20, '2015-01-01 00:00:00', 1),
       (17, 17, 226.30, '2015-01-01 00:00:00', 1),
       (18, 18, 245.40, '2015-01-01 00:00:00', 1),
       (19, 19, 264.50, '2015-01-01 00:00:00', 1),
       (20, 20, 283.60, '2015-01-01 00:00:00', 1),
       (21, 21, 302.70, '2015-01-01 00:00:00', 1),
       (22, 22, 321.80, '2015-01-01 00:00:00', 1),
       (23, 23, 340.90, '2015-01-01 00:00:00', 1),
       (24, 24, 360.00, '2015-01-01 00:00:00', 1),
       (25, 25, 403.80, '2015-01-01 00:00:00', 1),
       (26, 26, 447.60, '2015-01-01 00:00:00', 1),
       (27, 27, 491.40, '2015-01-01 00:00:00', 1),
       (28, 28, 535.20, '2015-01-01 00:00:00', 1),
       (29, 29, 579.00, '2015-01-01 00:00:00', 1),
       (30, 30, 622.80, '2015-01-01 00:00:00', 1),
       (31, 31, 666.60, '2015-01-01 00:00:00', 1),
       (32, 32, 710.40, '2015-01-01 00:00:00', 1),
       (33, 33, 754.20, '2015-01-01 00:00:00', 1),
       (34, 34, 798.00, '2015-01-01 00:00:00', 1),
       (35, 35, 841.80, '2015-01-01 00:00:00', 1),
       (36, 36, 885.60, '2015-01-01 00:00:00', 1),
       (37, 37, 929.40, '2015-01-01 00:00:00', 1),
       (38, 38, 973.20, '2015-01-01 00:00:00', 1),
       (39, 39, 1017, '2015-01-01 00:00:00', 1),
       (40, 40, 1060.8, '2015-01-01 00:00:00', 1),
       (41, 41, 1104.6, '2015-01-01 00:00:00', 1),
       (42, 42, 1148.4, '2015-01-01 00:00:00', 1),
       (43, 43, 1192.2, '2015-01-01 00:00:00', 1),
       (44, 44, 1236, '2015-01-01 00:00:00', 1),
       (45, 45, 1279.8, '2015-01-01 00:00:00', 1),
       (46, 46, 1323.6, '2015-01-01 00:00:00', 1),
       (47, 47, 1367.4, '2015-01-01 00:00:00', 1),
       (48, 48, 1411.2, '2015-01-01 00:00:00', 1),
       (49, 49, 43.80, '2015-01-01 00:00:00', 1),
       (50, 1, 16.70, '2015-01-01 00:00:00', 2),
       (51, 2, 33.40, '2015-01-01 00:00:00', 2),
       (52, 3, 50.10, '2015-01-01 00:00:00', 2),
       (53, 4, 66.80, '2015-01-01 00:00:00', 2),
       (54, 5, 83.50, '2015-01-01 00:00:00', 2),
       (55, 6, 100.20, '2015-01-01 00:00:00', 2),
       (56, 7, 116.90, '2015-01-01 00:00:00', 2),
       (57, 8, 133.60, '2015-01-01 00:00:00', 2),
       (58, 9, 150.30, '2015-01-01 00:00:00', 2),
       (59, 10, 167.00, '2015-01-01 00:00:00', 2),
       (60, 11, 183.70, '2015-01-01 00:00:00', 2),
       (61, 12, 200.40, '2015-01-01 00:00:00', 2),
       (62, 13, 229.70, '2015-01-01 00:00:00', 2),
       (63, 14, 259.00, '2015-01-01 00:00:00', 2),
       (64, 15, 288.30, '2015-01-01 00:00:00', 2),
       (65, 16, 317.60, '2015-01-01 00:00:00', 2),
       (66, 17, 346.90, '2015-01-01 00:00:00', 2),
       (67, 18, 376.20, '2015-01-01 00:00:00', 2),
       (68, 19, 405.50, '2015-01-01 00:00:00', 2),
       (69, 20, 434.80, '2015-01-01 00:00:00', 2),
       (70, 21, 464.10, '2015-01-01 00:00:00', 2),
       (71, 22, 493.40, '2015-01-01 00:00:00', 2),
       (72, 23, 522.70, '2015-01-01 00:00:00', 2),
       (73, 24, 552.00, '2015-01-01 00:00:00', 2),
       (74, 25, 618.90, '2015-01-01 00:00:00', 2),
       (75, 26, 685.80, '2015-01-01 00:00:00', 2),
       (76, 27, 752.70, '2015-01-01 00:00:00', 2),
       (77, 28, 819.60, '2015-01-01 00:00:00', 2),
       (78, 29, 886.50, '2015-01-01 00:00:00', 2),
       (79, 30, 953.40, '2015-01-01 00:00:00', 2),
       (80, 31, 1020.3, '2015-01-01 00:00:00', 2),
       (81, 32, 1087.2, '2015-01-01 00:00:00', 2),
       (82, 33, 1154.1, '2015-01-01 00:00:00', 2),
       (83, 34, 1221, '2015-01-01 00:00:00', 2),
       (84, 35, 1287.9, '2015-01-01 00:00:00', 2),
       (85, 36, 1354.8, '2015-01-01 00:00:00', 2),
       (86, 37, 1421.7, '2015-01-01 00:00:00', 2),
       (87, 38, 1488.6, '2015-01-01 00:00:00', 2),
       (88, 39, 1555.5, '2015-01-01 00:00:00', 2),
       (89, 40, 1622.4, '2015-01-01 00:00:00', 2),
       (90, 41, 1689.3, '2015-01-01 00:00:00', 2),
       (91, 42, 1756.2, '2015-01-01 00:00:00', 2),
       (92, 43, 1823.1, '2015-01-01 00:00:00', 2),
       (93, 44, 1890, '2015-01-01 00:00:00', 2),
       (94, 45, 1956.9, '2015-01-01 00:00:00', 2),
       (95, 46, 2023.8, '2015-01-01 00:00:00', 2),
       (96, 47, 2090.7, '2015-01-01 00:00:00', 2),
       (97, 48, 2157.6, '2015-01-01 00:00:00', 2),
       (98, 49, 66.90, '2015-01-01 00:00:00', 2),
       (99, 1, 13.00, '2015-01-01 00:00:00', 3),
       (100, 2, 26.00, '2015-01-01 00:00:00', 3),
       (101, 3, 39.00, '2015-01-01 00:00:00', 3),
       (102, 4, 52.00, '2015-01-01 00:00:00', 3),
       (103, 5, 65.00, '2015-01-01 00:00:00', 3),
       (104, 6, 78.00, '2015-01-01 00:00:00', 3),
       (105, 7, 91.00, '2015-01-01 00:00:00', 3),
       (106, 8, 104.00, '2015-01-01 00:00:00', 3),
       (107, 9, 117.00, '2015-01-01 00:00:00', 3),
       (108, 10, 130.00, '2015-01-01 00:00:00', 3),
       (109, 11, 143.00, '2015-01-01 00:00:00', 3),
       (110, 12, 156.00, '2015-01-01 00:00:00', 3),
       (111, 13, 178.90, '2015-01-01 00:00:00', 3),
       (112, 14, 201.80, '2015-01-01 00:00:00', 3),
       (113, 15, 224.70, '2015-01-01 00:00:00', 3),
       (114, 16, 247.60, '2015-01-01 00:00:00', 3),
       (115, 17, 270.50, '2015-01-01 00:00:00', 3),
       (116, 18, 293.40, '2015-01-01 00:00:00', 3),
       (117, 19, 316.30, '2015-01-01 00:00:00', 3),
       (118, 20, 339.20, '2015-01-01 00:00:00', 3),
       (119, 21, 362.10, '2015-01-01 00:00:00', 3),
       (120, 22, 385.00, '2015-01-01 00:00:00', 3),
       (121, 23, 407.90, '2015-01-01 00:00:00', 3),
       (122, 24, 430.80, '2015-01-01 00:00:00', 3),
       (123, 25, 483.00, '2015-01-01 00:00:00', 3),
       (124, 26, 535.20, '2015-01-01 00:00:00', 3),
       (125, 27, 587.40, '2015-01-01 00:00:00', 3),
       (126, 28, 639.60, '2015-01-01 00:00:00', 3),
       (127, 29, 691.80, '2015-01-01 00:00:00', 3),
       (128, 30, 744.00, '2015-01-01 00:00:00', 3),
       (129, 31, 796.20, '2015-01-01 00:00:00', 3),
       (130, 32, 848.40, '2015-01-01 00:00:00', 3),
       (131, 33, 900.60, '2015-01-01 00:00:00', 3),
       (132, 34, 952.80, '2015-01-01 00:00:00', 3),
       (133, 35, 1005, '2015-01-01 00:00:00', 3),
       (134, 36, 1057.2, '2015-01-01 00:00:00', 3),
       (135, 37, 1109.4, '2015-01-01 00:00:00', 3),
       (136, 38, 1161.6, '2015-01-01 00:00:00', 3),
       (137, 39, 1213.8, '2015-01-01 00:00:00', 3),
       (138, 40, 1266, '2015-01-01 00:00:00', 3),
       (139, 41, 1318.2, '2015-01-01 00:00:00', 3),
       (140, 42, 1370.4, '2015-01-01 00:00:00', 3),
       (141, 43, 1422.6, '2015-01-01 00:00:00', 3),
       (142, 44, 1474.8, '2015-01-01 00:00:00', 3),
       (143, 45, 1527, '2015-01-01 00:00:00', 3),
       (144, 46, 1579.2, '2015-01-01 00:00:00', 3),
       (145, 47, 1631.4, '2015-01-01 00:00:00', 3),
       (146, 48, 1683.6, '2015-01-01 00:00:00', 3),
       (147, 49, 52.20, '2015-01-01 00:00:00', 3),
       (148, 1, 10.30, '2015-01-01 00:00:00', 4),
       (149, 2, 20.60, '2015-01-01 00:00:00', 4),
       (150, 3, 30.90, '2015-01-01 00:00:00', 4),
       (151, 4, 41.20, '2015-01-01 00:00:00', 4),
       (152, 5, 51.50, '2015-01-01 00:00:00', 4),
       (153, 6, 61.80, '2015-01-01 00:00:00', 4),
       (154, 7, 72.10, '2015-01-01 00:00:00', 4),
       (155, 8, 82.40, '2015-01-01 00:00:00', 4),
       (156, 9, 92.70, '2015-01-01 00:00:00', 4),
       (157, 10, 103.00, '2015-01-01 00:00:00', 4),
       (158, 11, 113.30, '2015-01-01 00:00:00', 4),
       (159, 12, 123.60, '2015-01-01 00:00:00', 4),
       (160, 13, 141.70, '2015-01-01 00:00:00', 4),
       (161, 14, 159.80, '2015-01-01 00:00:00', 4),
       (162, 15, 177.90, '2015-01-01 00:00:00', 4),
       (163, 16, 196.00, '2015-01-01 00:00:00', 4),
       (164, 17, 214.10, '2015-01-01 00:00:00', 4),
       (165, 18, 232.20, '2015-01-01 00:00:00', 4),
       (166, 19, 250.30, '2015-01-01 00:00:00', 4),
       (167, 20, 268.40, '2015-01-01 00:00:00', 4),
       (168, 21, 286.50, '2015-01-01 00:00:00', 4),
       (169, 22, 304.60, '2015-01-01 00:00:00', 4),
       (170, 23, 322.70, '2015-01-01 00:00:00', 4),
       (171, 24, 340.80, '2015-01-01 00:00:00', 4),
       (172, 25, 376.80, '2015-01-01 00:00:00', 4),
       (173, 26, 412.80, '2015-01-01 00:00:00', 4),
       (174, 27, 448.80, '2015-01-01 00:00:00', 4),
       (175, 28, 484.80, '2015-01-01 00:00:00', 4),
       (176, 29, 520.80, '2015-01-01 00:00:00', 4),
       (177, 30, 556.80, '2015-01-01 00:00:00', 4),
       (178, 31, 592.80, '2015-01-01 00:00:00', 4),
       (179, 32, 628.80, '2015-01-01 00:00:00', 4),
       (180, 33, 664.80, '2015-01-01 00:00:00', 4),
       (181, 34, 700.80, '2015-01-01 00:00:00', 4),
       (182, 35, 736.80, '2015-01-01 00:00:00', 4),
       (183, 36, 772.80, '2015-01-01 00:00:00', 4),
       (184, 37, 808.80, '2015-01-01 00:00:00', 4),
       (185, 38, 844.80, '2015-01-01 00:00:00', 4),
       (186, 39, 880.80, '2015-01-01 00:00:00', 4),
       (187, 40, 916.80, '2015-01-01 00:00:00', 4),
       (188, 41, 952.80, '2015-01-01 00:00:00', 4),
       (189, 42, 988.80, '2015-01-01 00:00:00', 4),
       (190, 43, 1024.8, '2015-01-01 00:00:00', 4),
       (191, 44, 1060.8, '2015-01-01 00:00:00', 4),
       (192, 45, 1096.8, '2015-01-01 00:00:00', 4),
       (193, 46, 1132.8, '2015-01-01 00:00:00', 4),
       (194, 47, 1168.8, '2015-01-01 00:00:00', 4),
       (195, 48, 1204.8, '2015-01-01 00:00:00', 4),
       (196, 49, 36.00, '2015-01-01 00:00:00', 4),
       (197, 1, 67.00, '2015-01-01 00:00:00', 5),
       (198, 2, 134.00, '2015-01-01 00:00:00', 5),
       (199, 3, 201.00, '2015-01-01 00:00:00', 5),
       (200, 4, 268.00, '2015-01-01 00:00:00', 5),
       (201, 5, 335.00, '2015-01-01 00:00:00', 5),
       (202, 6, 402.00, '2015-01-01 00:00:00', 5),
       (203, 7, 469.00, '2015-01-01 00:00:00', 5),
       (204, 8, 536.00, '2015-01-01 00:00:00', 5),
       (205, 9, 603.00, '2015-01-01 00:00:00', 5),
       (206, 10, 670.00, '2015-01-01 00:00:00', 5),
       (207, 11, 737.00, '2015-01-01 00:00:00', 5),
       (208, 12, 804.00, '2015-01-01 00:00:00', 5),
       (209, 13, 871.00, '2015-01-01 00:00:00', 5),
       (210, 14, 968.30, '2015-01-01 00:00:00', 5),
       (211, 15, 1065.6, '2015-01-01 00:00:00', 5),
       (212, 16, 1162.9, '2015-01-01 00:00:00', 5),
       (213, 17, 1260.2, '2015-01-01 00:00:00', 5),
       (214, 18, 1357.5, '2015-01-01 00:00:00', 5),
       (215, 19, 1454.8, '2015-01-01 00:00:00', 5),
       (216, 20, 1552.1, '2015-01-01 00:00:00', 5),
       (217, 21, 1649.4, '2015-01-01 00:00:00', 5),
       (218, 22, 1746.7, '2015-01-01 00:00:00', 5),
       (219, 23, 1844, '2015-01-01 00:00:00', 5),
       (220, 24, 1941.3, '2015-01-01 00:00:00', 5),
       (221, 25, 2186.4, '2015-01-01 00:00:00', 5),
       (222, 26, 2431.5, '2015-01-01 00:00:00', 5),
       (223, 27, 2676.6, '2015-01-01 00:00:00', 5),
       (224, 28, 2921.7, '2015-01-01 00:00:00', 5),
       (225, 29, 3166.8, '2015-01-01 00:00:00', 5),
       (226, 30, 3411.9, '2015-01-01 00:00:00', 5),
       (227, 31, 3657, '2015-01-01 00:00:00', 5),
       (228, 32, 3902.1, '2015-01-01 00:00:00', 5),
       (229, 33, 4147.2, '2015-01-01 00:00:00', 5),
       (230, 34, 4392.3, '2015-01-01 00:00:00', 5),
       (231, 35, 4637.4, '2015-01-01 00:00:00', 5),
       (232, 36, 4882.5, '2015-01-01 00:00:00', 5),
       (233, 37, 5127.6, '2015-01-01 00:00:00', 5),
       (234, 38, 5372.7, '2015-01-01 00:00:00', 5),
       (235, 39, 5617.8, '2015-01-01 00:00:00', 5),
       (236, 40, 5862.9, '2015-01-01 00:00:00', 5),
       (237, 41, 6108, '2015-01-01 00:00:00', 5),
       (238, 42, 6353.1, '2015-01-01 00:00:00', 5),
       (239, 43, 6598.2, '2015-01-01 00:00:00', 5),
       (240, 44, 6843.3, '2015-01-01 00:00:00', 5),
       (241, 45, 7088.4, '2015-01-01 00:00:00', 5),
       (242, 46, 7333.5, '2015-01-01 00:00:00', 5),
       (243, 47, 7578.6, '2015-01-01 00:00:00', 5),
       (244, 48, 7823.7, '2015-01-01 00:00:00', 5),
       (245, 49, 245.10, '2015-01-01 00:00:00', 5);

INSERT INTO tariff (tariff_id, relevance_date, tariff, type_id)
VALUES (1, '2014-01-01 00:00:00', 4571, 1),
       (2, '2015-01-01 00:00:00', 104.8, 2),
       (3, '2015-01-01 00:00:00', 1345, 3),
       (4, '2016-01-01 00:00:00', 4708.5, 1),
       (5, '2016-01-01 00:00:00', 108, 2),
       (6, '2016-01-01 00:00:00', 1385.4, 3),
       (7, '2017-01-01 00:00:00', 4920, 1),
       (8, '2017-01-01 00:00:00', 113, 2),
       (9, '2017-01-01 00:00:00', 1448, 3),
       (10, '2018-01-01 00:00:00', 5117, 1),
       (11, '2018-01-01 00:00:00', 117, 2),
       (12, '2018-01-01 00:00:00', 1506, 3),
       (13, '2018-10-01 00:00:00', 152.1, 2),
       (14, '2018-12-17 00:00:00', 151.9, 2),
       (15, '2019-01-01 00:00:00', 5322, 1),
       (16, '2019-01-01 00:00:00', 1566, 3),
       (17, '2019-02-01 00:00:00', 8460.1, 1),
       (18, '2019-02-01 00:00:00', 1545.3, 3),
       (19, '2020-01-01 00:00:00', 8714.8, 1),
       (20, '2020-01-01 00:00:00', 156.5, 2),
       (21, '2020-01-01 00:00:00', 1591.8, 3),
       (22, '2021-01-01 00:00:00', 9037.20, 1),
       (23, '2021-01-01 00:00:00', 162.3, 2),
       (24, '2021-01-01 00:00:00', 1651, 3);

INSERT INTO penalty (penalty_id, penalty, relevance_date, type_id)
VALUES (1, 200.00, '01.01.2015', 2),
       (2, 200.00, '01.01.2015', 1),
       (3, 200.00, '01.01.2015', 4),
       (4, 200.00, '01.01.2015', 7),
       (5, 400.00, '01.01.2015', 3),
       (6, 600.00, '01.01.2020', 8),
       (7, 200.00, '01.01.2020', 5);
